{
  "id": "4862201",
  "name": "decathlone",
  "font_family": "iconfont",
  "css_prefix_text": "icon-",
  "description": "",
  "glyphs": [
    {
      "icon_id": "624530",
      "name": "购物车",
      "font_class": "gouwuche",
      "unicode": "e63f",
      "unicode_decimal": 58943
    },
    {
      "icon_id": "33987000",
      "name": "个人中心-置灰",
      "font_class": "gerenzhongxin-zhihui",
      "unicode": "e61e",
      "unicode_decimal": 58910
    },
    {
      "icon_id": "33987007",
      "name": "店铺",
      "font_class": "dianpu",
      "unicode": "e61d",
      "unicode_decimal": 58909
    }
  ]
}
